{
  "software_engineer": {
    "F_t": 445.2927494090085
  },
  "chef": {
    "F_t": 317.7734057163078
  },
  "graphic_designer": {
    "F_t": 23.063735341848755
  }
}