{
  "vectors": {
    "software_engineer": [
      1.0,
      0.718562874251497,
      0.562874251497006,
      0.9181636726546907,
      0.0
    ],
    "software_neighbor": [
      1.0,
      0.651685393258427,
      0.24719101123595505,
      0.8913857677902621,
      0.0
    ],
    "graphic_designer": [
      0.6107491856677524,
      1.0,
      0.0,
      0.8631921824104233,
      0.35504885993485336
    ],
    "graphic_neighbor": [
      0.7208480565371025,
      1.0,
      0.0,
      0.8680800942285042,
      0.32626619552414604
    ],
    "chef": [
      0.775,
      0.6866666666666668,
      0.0,
      1.0,
      0.6
    ],
    "chef_neighbor": [
      0.7009345794392523,
      0.4517133956386292,
      0.0,
      1.0,
      0.5887850467289719
    ]
  },
  "cpe": {
    "software_engineer_to_software_neighbor": 0.9819832559812268,
    "graphic_designer_to_graphic_neighbor": 0.9976222704388659,
    "chef_to_chef_neighbor": 0.9901787431326188
  }
}